18095,Beatriz,22,1297843
32623,Dorice,55,508790
42510,Meg,28,1144316
58036,Maud,18,141788
83510,Gaylene,45,447113
129376,Lily,38,1368546
162695,Etta,50,362363
163829,Lorie,71,519733
174914,Hyacinthe,30,1221308
182713,Debee,58,692784
193717,Michaelina,53,308736
219210,Ebonee,60,829685
258818,Rozele,32,961928
283745,Marti,33,502330
324484,Danika,64,544665
377914,Phedra,47,1143765
381309,Gabriellia,72,1383548
388565,Frances,47,729077
398470,Lita,41,390910
406381,Katuscha,62,294803
408632,Sherrie,60,214451
498336,Stacey,55,206564
533984,Bee,45,1346987
540621,Nessie,42,247836
546736,Robinia,20,629363
559600,Nadine,62,1050949
566447,Genovera,30,1150979
604834,Minda,63,780522
649351,Yvonne,35,1002720
651792,Louella,56,887660
669099,Carly,55,663674
679744,Jennica,35,608630
683148,Lizzie,24,139977
691673,Madalyn,45,163853
738920,Cyb,55,624329
770096,Lyssa,65,441388
780895,Averyl,41,803024
787357,Alie,35,1083290
810058,Sara-Ann,52,1323449
840838,Georgina,50,1166760
870406,Gisela,45,558943
873164,Alyssa,38,1139904
878648,Dacia,54,1293197
897258,Glenda,33,749525
900106,Althea,55,496756
909304,Genevra,62,54058
920300,Bernardine,51,1206833
949152,Wynne,58,111425
993533,Celestyna,45,1217376
994156,Raquela,60,1162328